title,주소,Latitude,Longitude,지번
푸르넷공부방,경기 광명시 오리로 374,37.4357838,126.879691,(지번) 소하동 1242-13
푸르넷 소하공부방,경기 광명시 소하일로52번길 29 102호,37.4486814,126.8903469,(지번) 소하동 1311-13
푸르넷공부방,경기 안양시 만안구 충훈로71번길 36,37.4059943,126.8992176,(지번) 석수동 782-9
푸르넷공부방,경기 안양시 만안구 충훈로 51 석수아이파크 109동,37.4062876,126.901471,(지번) 석수동 794
푸르넷 수정공부방,경기 광명시 하안로 364 904동 804호,37.4676552,126.8774147,(지번) 하안동 13
푸르넷에듀 하안9단지공부방,경기 광명시 하안로 364,37.4676552,126.8774147,(지번) 하안동 13
푸르넷 관악공부방,서울 관악구 관악로30길 12 105동,37.4849777,126.9595277,(지번) 봉천동 1706
푸르넷공부방,경기 군포시 금산로 26-10,37.3650314,126.9408373,(지번) 금정동 726-21
푸르넷 고척대우공부방,서울 구로구 고척로52길 53,37.5030244,126.8554769,(지번) 고척동 296
푸르넷공부방,서울 구로구 부일로1길 110,37.4952199,126.8182374,(지번) 온수동 75-4
푸르넷공부방,경기 시흥시 호현로 92-8,37.4474375,126.7882942,(지번) 대야동 460-17
푸르넷공부방,서울 양천구 목동로19길 42-1,37.5246574,126.8597154,(지번) 신정동 986-21
푸르넷공부방,서울 양천구 목동중앙북로16길 56-5,37.5435248,126.8735429,(지번) 목동 544-3
푸르넷공부방,경기 시흥시 새재로7번길 19,37.3812944,126.7998404,(지번) 장현동 537-3
푸르넷 대명공부방,경기 의왕시 포도원로 46 204동 304호,37.3617854,126.9670898,(지번) 오전동 28
푸르넷공부방,경기 광명시 오리로 374,37.4357838,126.879691,(지번) 소하동 1242-13
푸르넷 소하공부방,경기 광명시 소하일로52번길 29 102호,37.4486814,126.8903469,(지번) 소하동 1311-13
푸르넷공부방,경기 안양시 만안구 충훈로71번길 36,37.4059943,126.8992176,(지번) 신정동 936-28
푸르넷공부방,서울 강서구 강서로48길 53 지하1층 B102호,37.5524661,126.8395093,(지번) 내발산동 674-13
푸르넷 공부방,서울 마포구 와우산로29라길 9-3 102호,37.5552355,126.9273882,(지번) 서교동 334-37
푸르넷공부방,서울 은평구 갈현로17길 11-6,37.6111246,126.9098994,(지번) 구산동 159-9
푸르넷공부방 발산,서울 강서구 강서로45라길 55-22,37.5504841,126.8332354,(지번) 내발산동 710-8
푸르넷공부방,서울 강동구 양재대로123길 47-10,37.5435756,127.1389335,(지번) 천호동 48-10
푸르넷공부방,경기 부천시 오정로252번길 80 4층,37.5286857,126.790428,(지번) 오정동 114-54
푸르넷공부방,경기 부천시 부천로476번가길 76 2층,37.5285916,126.7866013,(지번) 오정동 557
푸르넷공부방,경기 안산시 상록구 샘골로 148,37.2969954,126.8634009,(지번) 본오동 872-19
푸르넷공부방,경기 안산시 상록구 장화로 24,37.2843067,126.8512069,(지번) 사동 1407
푸르넷공부방,경기 성남시 수정구 태평로58번길 1,37.4492526,127.1333137,(지번) 태평동 532
푸르넷공부방,경기 수원시 장안구 영화로71번길 14 2층,37.2927235,127.0059105,(지번) 정자동 69-14
푸르넷공부방,경기 고양시 덕양구 지도로14번길 20,37.6181867,126.8256984,(지번) 토당동 886-4
푸르넷공부방,서울 마포구 만리재옛길 28,37.5463079,126.956131,(지번) 신공덕동 8-3
푸르넷공부방,경기 부천시 원미로 134 2층,37.4944434,126.7915103,(지번) 원미동 76-2
푸르넷 신정동공부방,서울 양천구 오목로23길 32 골든빌,37.5270463,126.8503334,(지번) 상대원동 2492
푸르넷공부방,서울 강북구 인수봉로20가길 16,37.6258971,127.0131005,(지번) 미아동 791-3056
푸르넷공부방,경기 성남시 분당구 발이봉로11번길 1,37.3656084,127.1272504,(지번) 수내동 90-16
용호의꿈 푸르넷공부방,경기 군포시 용호2로 11 주공아파트 202동 202호,37.3434571,126.9409511,(지번) 당동 874
푸르넷공부방,인천 서구 승학로 567,37.5667077,126.6826228,(지번) 검암동 507-8
푸르넷 공부방,경기 용인시 기흥구 마북로 124-9 교동마을 현대홈타운 102동 602호,37.3009274,127.1230755,(지번) 마북동 630
푸르넷공부방 벨섬시티점,경기 수원시 권선구 호매실로218번길 22 호매실마을14단지 벨섬시티,37.262649,126.957276,(지번) 호매실동 1380
푸르넷공부방,경기 고양시 덕양구 세솔로 122-12,37.6546942,126.8859032,(지번) 삼송동 298-1
푸르넷,서울 마포구 만리재옛길 23 금성출판사,37.5462546,126.9554342,(지번) 공덕동 242-63
푸르넷공부방,경기 화성시 봉담읍 와우로34번길 11 아이파크 107동,37.2129664,126.9707928,(지번) 봉담읍 와우리 590
푸르넷공부방,경기 용인시 기흥구 기흥역로58번길 56 301동,37.272172,127.1217523,(지번) 구갈동 46-11
푸르넷공부방학원,경기 시흥시 군자로487번길 3,37.3468226,126.7842818,(지번) 거모동 1726-9
오정푸르넷공부방,경기 부천시 오정로252번길 66-15 에리트아파트 108호,37.5280938,126.7897223,(지번) 오정동 549
푸르넷공부방,서울 강동구 풍성로63길 31 101호,37.5296896,127.1390357,(지번) 둔촌동 494-4
푸르넷공부방,경기 용인시 수지구 심곡로 71,37.3095576,127.080487,(지번) 상현동 95-2
푸르넷공부방,경기 성남시 중원구 박석로85번길 28 2층,37.4385751,127.1627023,(지번) 상대원동 2492
푸르넷공부방,서울 강북구 인수봉로20가길 16,37.6258971,127.0131005,(지번) 미아동 791-3056
푸르넷공부방,경기 성남시 분당구 발이봉로11번길 1,37.3656084,127.1272504,(지번) 수내동 90-16
용호의꿈 푸르넷공부방,경기 군포시 용호2로 11 주공아파트 202동 202호,37.3434571,126.9409511,(지번) 당동 874
푸르넷공부방,인천 서구 승학로 567,37.5667077,126.6826228,(지번) 검암동 507-8
푸르넷 공부방,경기 용인시 기흥구 마북로 124-9 교동마을 현대홈타운 102동 602호,37.3009274,127.1230755,(지번) 마북동 630
푸르넷공부방 벨섬시티점,경기 수원시 권선구 호매실로218번길 22 호매실마을14단지 벨섬시티,37.262649,126.957276,(지번) 호매실동 1380
푸르넷공부방,경기 고양시 덕양구 세솔로 122-12,37.6546942,126.8859032,(지번) 삼송동 298-1
푸르넷,서울 마포구 만리재옛길 23 금성출판사,37.5462546,126.9554342,(지번) 공덕동 242-63
푸르넷공부방,경기 화성시 봉담읍 와우로34번길 11 아이파크 107동,37.2129664,126.9707928,(지번) 봉담읍 와우리 590
푸르넷공부방,경기 용인시 기흥구 기흥역로58번길 56 301동,37.272172,127.1217523,(지번) 구갈동 46-11
푸르넷공부방학원,경기 시흥시 군자로487번길 3,37.3468226,126.7842818,(지번) 거모동 1726-9
오정푸르넷공부방,경기 부천시 오정로252번길 66-15 에리트아파트 108호,37.5280938,126.7897223,(지번) 오정동 549
푸르넷공부방,서울 강동구 풍성로63길 31 101호,37.5296896,127.1390357,(지번) 둔촌동 494-4
푸르넷공부방,경기 용인시 수지구 심곡로 71,37.3095576,127.080487,(지번) 상현동 95-2
푸르넷공부방,경기 성남시 중원구 박석로85번길 28 2층,37.4385751,127.1627023,(지번) 상대원동 2492
푸르넷공부방,서울 강북구 인수봉로20가길 16,37.6258971,127.0131005,(지번) 미아동 791-3056
푸르넷공부방,경기 성남시 분당구 발이봉로11번길 1,37.3656084,127.1272504,(지번) 수내동 90-16
용호의꿈 푸르넷공부방,경기 군포시 용호2로 11 주공아파트 202동 202호,37.3434571,126.9409511,(지번) 당동 874
푸르넷공부방,인천 서구 승학로 567,37.5667077,126.6826228,(지번) 검암동 507-8
푸르넷 공부방,경기 용인시 기흥구 마북로 124-9 교동마을 현대홈타운 102동 602호,37.3009274,127.1230755,(지번) 마북동 630
푸르넷공부방 벨섬시티점,경기 수원시 권선구 호매실로218번길 22 호매실마을14단지 벨섬시티,37.262649,126.957276,(지번) 호매실동 1380
푸르넷공부방,경기 고양시 덕양구 세솔로 122-12,37.6546942,126.8859032,(지번) 삼송동 298-1
푸르넷,서울 마포구 만리재옛길 23 금성출판사,37.5462546,126.9554342,(지번) 공덕동 242-63
푸르넷공부방,경기 화성시 봉담읍 와우로34번길 11 아이파크 107동,37.2129664,126.9707928,(지번) 봉담읍 와우리 590
푸르넷공부방,경기 용인시 기흥구 기흥역로58번길 56 301동,37.272172,127.1217523,(지번) 구갈동 46-11
푸르넷공부방학원,경기 시흥시 군자로487번길 3,37.3468226,126.7842818,(지번) 거모동 1726-9
오정푸르넷공부방,경기 부천시 오정로252번길 66-15 에리트아파트 108호,37.5280938,126.7897223,(지번) 오정동 549
푸르넷공부방,서울 강동구 풍성로63길 31 101호,37.5296896,127.1390357,(지번) 둔촌동 494-4
푸르넷공부방,경기 용인시 수지구 심곡로 71,37.3095576,127.080487,(지번) 상현동 95-2
푸르넷 신쌤공부방,인천 서구 이음5로 15 3105동 604호,37.5131942,126.6434689,(지번) 원당동 1022
푸르넷공부방,경기 김포시 청송로 20 청송마을현대아파트 209동,37.6472754,126.6683584,(지번) 장기동 1342
푸르넷공부방,경기 평택시 고덕국제4길 84 302호,37.0530337,127.0472746,(지번) 고덕동 1939-11
푸르넷공부방,경기 평택시 고덕국제4길 84 302호,37.0530337,127.0472746,(지번) 고덕동 1939-11
푸르넷공부방,경기 이천시 어재연로 46,37.2801549,127.4463012,(지번) 창전동 165-2
푸르넷공부방 후곡마을6단지,경기 고양시 일산서구 일산로 612 605동,37.6817043,126.7611563,(지번) 일산동 1050
푸르넷 삼가 공부방,경기 용인시 처인구 중부대로1158번길 12,37.2381001,127.1724173,(지번) 삼가동 552
푸르넷공부방 경기광주지점,경기 광주시 문화로 121,37.4138652,127.2511715,(지번) 경안동 125-6
푸르넷공부방 장기점,경기 김포시 김포한강4로212번길 118,37.650746,126.6604649,(지번) 장기동 1877-2
푸르넷공부방,경기 평택시 안중읍 안중로 39,36.9851181,126.9247304,(지번) 안중읍 현화리 69-3
푸르넷공부방,경기 이천시 아리역로76번길 19,37.291577,127.4470713,(지번) 증포동 498
푸르넷공부방,경기 평택시 이충로 93-15 부영아파트 204동 107호,37.0619087,127.0676611,(지번) 이충동 593
손쌤의 푸르넷 공부방,경기 파주시 한빛로 11 316동 305호,37.7123805,126.7510778,(지번) 야당동 975
푸르넷공부방,경기 이천시 부발읍 경충대로2050번길 15-60,37.250813,127.4926228,(지번) 부발읍 아미리 678-11
푸르넷공부방 문촌마을1단지점,경기 고양시 일산서구 대산로 184 111동,37.6780315,126.7586208,(지번) 주엽동 1
푸르넷공부방,경기 평택시 평남로 660,36.9924888,127.107802,(지번) 비전동 217-18
우주 푸르넷 공부방,경기 화성시 향남읍 발안남로 66,37.1293313,126.9030431,(지번) 향남읍 발안리 305
푸르넷공부방,경기 평택시 동부공원로 34,36.9931685,127.117866,(지번) 비전동 883-6
푸르넷공부방,경기 평택시 고덕국제4길 84 302호,37.0530337,127.0472746,(지번) 고덕동 1939-11
푸르넷공부방,경기 이천시 어재연로 46,37.2801549,127.4463012,(지번) 창전동 165-2
푸르넷공부방 후곡마을6단지,경기 고양시 일산서구 일산로 612 605동,37.6817043,126.7611563,(지번) 일산동 1050
푸르넷공부방,경기 평택시 고덕국제4길 84 302호,37.0530337,127.0472746,(지번) 고덕동 1939-11
푸르넷공부방,경기 이천시 어재연로 46,37.2801549,127.4463012,(지번) 창전동 165-2
푸르넷공부방 후곡마을6단지,경기 고양시 일산서구 일산로 612 605동,37.6817043,126.7611563,(지번) 일산동 1050
푸르넷 박 쌤 공부방,경기 안성시 아양3로 56 101동 702호,37.0069026,127.2538877,(지번) 옥산동 557
푸르넷 중흥공부방,충남 당진시 송악읍 중흥2길 28,36.939099,126.7451061,(지번) 송악읍 중흥리 247-13
푸르넷공부방 청북부영3차점,경기 평택시 청북읍 청북남로 278 303동 103호,37.0194571,126.9135291,(지번) 청북읍 옥길리 1102
푸르넷공부방수학교습소,경기 여주시 현암3길 19,37.3089469,127.6406294,(지번) 현암동 191-75
푸르넷공부방 당진지점,충남 당진시 시청2로 8 현대빌딩 4층,36.8903317,126.6439924,(지번) 수청동 1025
금성푸르넷공부방,충남 천안시 서북구 충무로 130,36.7925459,127.1219772,(지번) 쌍용동 436-5
푸르넷공부방,충북 청주시 청원구 율봉로116번길 43,36.666109,127.4835526,(지번) 율량동 1860
푸르넷공부방,강원특별자치도 원주시 늘품로 37 2층,37.3229664,127.9502102,(지번) 단구동 1577-2
푸르넷공부방,충북 청주시 흥덕구 서현중로20번길 8,36.6203027,127.4305732,(지번) 가경동 2063
푸르넷공부방,충북 청주시 흥덕구 가경로173번길 26,36.6302247,127.4348504,(지번) 가경동 778
푸르넷공부방,강원특별자치도 춘천시 세실로192번길 12-8,37.8741928,127.7593094,(지번) 후평동 881-3
푸르넷공부방,충북 청주시 상당구 용암북로4번길 68,36.6120311,127.5015805,(지번) 용암동 1397
푸르넷공부방 공도아카데미,경기 안성시 공도읍 공도1로 18 203호,37.0005177,127.1688295,(지번) 공도읍 만정리 813-1
최진성 푸르넷 공부방,경기 안성시 공도읍 공도로 142,36.9998459,127.1755401,(지번) 공도읍 만정리 880
푸르넷공부방,대전 대덕구 대덕대로1470번길 55,36.4467766,127.4137098,(지번) 목상동 185-2
푸르넷공부방,대전 유성구 엑스포로 475,36.3987186,127.404562,(지번) 전민동 325-10
푸르넷공부방,대전 대덕구 대덕대로1470번길 55,36.4467766,127.4137098,(지번) 목상동 185-2
푸르넷공부방,대전 유성구 엑스포로 475,36.3987186,127.404562,(지번) 전민동 325-10
푸르넷공부방,충북 제천시 내토로43안길 2,37.1293669,128.2141171,(지번) 화산동 618
푸르넷공부방,대전 대덕구 동춘당로 178,36.3690523,127.4310904,(지번) 법동 191-1
푸르넷공부방,충북 제천시 남산로 71-1,37.1328032,128.2127155,(지번) 화산동 168-3
푸르넷공부방,대전 동구 태전로104번길 51,36.3396636,127.4229534,(지번) 삼성동 318-2
푸르넷공부방,대전 서구 도안북로 125,36.331014,127.343172,(지번) 도안동 965
푸르넷공부방,대전 유성구 유성대로 1741,36.3618968,127.353097,(지번) 전민동 462-5
푸르넷 예산한신공부방,충남 예산군 예산읍 역전로160번길 16,36.6929736,126.8320271,(지번) 예산읍 산성리 710
푸르넷공부방,대전 중구 수도산로47번길 76,36.3233175,127.4267294,(지번) 대흥동 445-12
푸르넷공부방,대전 중구 목중로 69,36.3387136,127.4065416,(지번) 중촌동 283
푸르넷공부방,충남 보령시 보령남로 49-20,36.3407112,126.6016061,(지번) 명천동 528-1
푸르넷범지기공부방,세종특별자치시 달빛로 165 805동 3층,36.5137348,127.2492976,(지번) 아름동 1279
푸르넷온맘공부방,충북 청주시 서원구 창신로 17 202호,36.6324737,127.4642725,(지번) 사창동 287-14
정쌤의푸르넷공부방,충북 충주시 호암토성5길 10-1,36.9536045,127.929115,(지번) 호암동 1081
푸르넷공부방,대전 대덕구 대덕대로1470번길 55,36.4467766,127.4137098,(지번) 목상동 185-2
푸르넷공부방,대전 유성구 엑스포로 475,36.3987186,127.404562,(지번) 전민동 325-10
푸르넷공부방,충북 제천시 내토로43안길 2,37.1293669,128.2141171,(지번) 화산동 618
푸르넷공부방,대전 대덕구 동춘당로 178,36.3690523,127.4310904,(지번) 법동 191-1
푸르넷공부방,충북 제천시 남산로 71-1,37.1328032,128.2127155,(지번) 화산동 168-3
푸르넷공부방,대전 동구 태전로104번길 51,36.3396636,127.4229534,(지번) 삼성동 318-2
푸르넷공부방,대전 서구 도안북로 125,36.331014,127.343172,(지번) 도안동 965
푸르넷공부방,대전 유성구 유성대로 1741,36.3618968,127.353097,(지번) 전민동 462-5
푸르넷 예산한신공부방,충남 예산군 예산읍 역전로160번길 16,36.6929736,126.8320271,(지번) 예산읍 산성리 710
푸르넷공부방,대전 중구 수도산로47번길 76,36.3233175,127.4267294,(지번) 대흥동 445-12
푸르넷공부방,대전 중구 목중로 69,36.3387136,127.4065416,(지번) 중촌동 283
푸르넷공부방,충남 보령시 보령남로 49-20,36.3407112,126.6016061,(지번) 명천동 528-1
푸르넷범지기공부방,세종특별자치시 달빛로 165 805동 3층,36.5137348,127.2492976,(지번) 아름동 1279
푸르넷온맘공부방,충북 청주시 서원구 창신로 17 202호,36.6324737,127.4642725,(지번) 사창동 287-14
정쌤의푸르넷공부방,충북 충주시 호암토성5길 10-1,36.9536045,127.929115,(지번) 호암동 1081
푸르넷공부방,대전 대덕구 대덕대로1470번길 55,36.4467766,127.4137098,(지번) 목상동 185-2
푸르넷공부방,대전 유성구 엑스포로 475,36.3987186,127.404562,(지번) 전민동 325-10
푸르넷공부방,충북 제천시 내토로43안길 2,37.1293669,128.2141171,(지번) 화산동 618
푸르넷공부방,충북 청주시 서원구 경신로 68 201동 102호,36.620993,127.4493921,(지번) 개신동 635
푸르넷 우리공부방,대전 서구 문정로 112,36.3464781,127.3917803,(지번) 탄방동 836
푸르넷이쌤공부방,대전 서구 관저로 84,36.2975378,127.331567,(지번) 관저동 1148
푸르넷상아공부방,대전 중구 계백로1686번길 51,36.3184008,127.4081718,(지번) 문화동 1-48
푸르넷공부방,전북 익산시 고봉로 244,35.9536259,126.9695341,(지번) 영등동 753-11
푸르넷공부방,전북 전주시 완산구 고사평8길 6,35.8368063,127.1106076,(지번) 서신동 927-1
푸르넷공부방,경북 김천시 시청6길 18,36.1413451,128.1143919,(지번) 신음동 1281-9
푸르넷공부방,강원특별자치도 강릉시 수문길21번길 13,37.7562295,128.9020263,(지번) 옥천동 110-4
푸르넷 서희공부방,전북 군산시 지곡로 52,35.9549469,126.710047,(지번) 지곡동 612
푸르넷공부방,대구 수성구 청수로25길 110,35.8417309,128.6179939,(지번) 황금동 880-10
푸르넷공부방,대구 동구 신암로20길 30,35.8786817,128.6118246,(지번) 신암동 472-16
푸르넷공부방,대구 수성구 범안로4길 39,35.8155837,128.6408316,(지번) 범물동 1369-4
7단지푸르넷공부방,충북 청주시 상당구 중고개로 288,36.6294851,127.5085332,(지번) 금천동 275
금성출판사푸르넷공부방,충북 충주시 성서5길 11,36.9726638,127.9305227,(지번) 성서동 66
푸르넷공부방,대구 북구 한강로 58,35.897068,128.5158345,(지번) 사수동 909
푸르넷공부방,대구 북구 매전로 46-13,35.9097747,128.5474386,(지번) 태전동 1148
푸르넷공부방,대구 북구 한강로 58,35.897068,128.5158345,(지번) 사수동 909
푸르넷공부방,대구 북구 매전로 46-13,35.9097747,128.5474386,(지번) 태전동 1148
푸르넷공부방,경북 영천시 상록1길 46,35.9744892,128.9411337,(지번) 야사동 335-16
푸르넷공부방,대구 북구 한강로 58,35.897068,128.5158345,(지번) 사수동 909
푸르넷공부방,대구 북구 매전로 46-13,35.9097747,128.5474386,(지번) 태전동 1148
푸르넷공부방,경북 영천시 상록1길 46,35.9744892,128.9411337,(지번) 야사동 335-16
푸르넷공부방,대구 달서구 월배로5길 76 214동 305호,35.8179056,128.5124434,(지번) 유천동 612
푸르넷공부방,경북 경산시 경청로218길 6-9,35.800948,128.7387538,(지번) 백천동 594-6
푸르넷공부방,대구 달서구 상화로5길 33,35.8105306,128.518722,(지번) 진천동 775
푸르넷공부방 부송우미점,전북 익산시 선화로69길 45-1,35.957102,126.9932535,(지번) 부송동 1040-1
푸르넷 정쌤 공부방,전북 전주시 덕진구 솔내9길 17,35.8621562,127.1248449,(지번) 송천동1가 107-198
푸르넷공부방,대구 남구 현충로26길 7,35.8440814,128.5805584,(지번) 대명동 1710-9
푸르넷공부방,대구 달서구 송현로8길 90,35.8253305,128.5513654,(지번) 송현동 1963-10
푸르넷공부방,대구 북구 침산남로32길 21,35.8859217,128.5926826,(지번) 침산동 198-12
푸르넷공부방,경북 포항시 북구 중흥로161번길 5 204호,36.0188958,129.3541191,(지번) 죽도동 658-11
푸르넷공부방,대구 달서구 월배로68길 66,35.8236585,128.5501678,(지번) 송현동 1954-29
푸르넷공부방,대구 수성구 동대구로8길 60-33,35.8323352,128.6273376,(지번) 지산동 1034-8
푸르넷공부방,대구 달성군 구지면 과학마을로3길 1 2층,35.6563363,128.4169374,(지번) 구지면 응암리 1205-7
푸르넷공부방,대구 북구 한강로 58,35.897068,128.5158345,(지번) 사수동 909
푸르넷공부방,대구 북구 매전로 46-13,35.9097747,128.5474386,(지번) 태전동 1148
푸르넷공부방,경북 영천시 상록1길 46,35.9744892,128.9411337,(지번) 야사동 335-16
푸르넷공부방,경남 진주시 모덕로 98-1,35.1823264,128.1084703,(지번) 상대동 280-22
푸르넷 공부방,울산 남구 돋질로401번길 3,35.5442894,129.3488405,(지번) 삼산동 176-8
푸르넷공부방,경남 진주시 모덕로 114 2층,35.1827294,128.1100587,(지번) 상대동 272-3
푸르넷공부방,경북 포항시 남구 연일읍 연일중앙로 34-3,35.9969938,129.3477513,(지번) 연일읍 생지리 153-1
어룡 푸르넷공부방,광주 광산구 소촌로152번길 38 126동 105호,35.1562215,126.7953754,(지번) 소촌동 290
푸르넷영어공부방,광주 동구 지호로 58-1,35.147612,126.9350462,(지번) 지산동 186-5
푸르넷공부방 침산점,대구 북구 옥산로17길 43 2층,35.8880098,128.5862114,(지번) 침산동 430-10
와룡 푸르넷공부방,대구 달서구 이곡동로 32 와룡타운 상가203호,35.8532092,128.5115521,(지번) 이곡동 1256
푸르넷공부방 중구점,대구 중구 남산로7길 107,35.8611075,128.5783482,(지번) 남산동 2635-41
용봉동푸르넷공부방,광주 북구 반룡로 46 407호,35.1783557,126.9029157,(지번) 용봉동 369-1
푸르넷공부방 강동초점,대구 동구 동호로7길 10 202호,35.8679935,128.7310251,(지번) 신서동 555-9
화정푸르넷공부방,광주 서구 내방로338번길 14 1층,35.1561951,126.8774058,(지번) 화정동 71-68
푸르넷 운남공부방,광주 광산구 목련로153번길 124 더존빌딩 2층 201호,35.1773853,126.8151496,(지번) 운남동 782-5
푸르넷공부방,전남 광양시 광장로 112-20,34.9327568,127.6966523,(지번) 중동 1686
푸르넷공부방,전남 광양시 금영로 143,34.9633225,127.7193903,(지번) 광영동 783-7
금성푸르넷공부방,전북 남원시 광한북로 114,35.4122216,127.3824975,(지번) 동충동 224-4
풍암푸르넷공부방,광주 서구 풍암운리로23번길 6,35.1235193,126.8664637,(지번) 풍암동 989-12
금성푸르넷공부방,전북 남원시 광한북로 114,35.4122216,127.3824975,(지번) 동충동 224-4
풍암푸르넷공부방,광주 서구 풍암운리로23번길 6,35.1235193,126.8664637,(지번) 풍암동 989-12
푸르넷공부방 평리초점,대구 서구 국채보상로55길 5-1,35.8720702,128.561609,(지번) 평리동 1072-13
금영푸르넷공부방,경북 경주시 양정로317번길 9 1층,35.8606166,129.2233182,(지번) 용강동 1358
푸르넷공부방 연경점,대구 북구 연경중앙로 18 3층,35.9440627,128.6186158,(지번) 연경동 1022-4
푸르넷수학공부방,대구 서구 달구벌대로371길 37,35.8644796,128.5671233,(지번) 내당동 11-44
푸르넷 신가 공부방,광주 광산구 수등로 287 신가부영아파트 105동 1층 106호,35.1867224,126.8395577,(지번) 신창동 1108-1
푸르넷공부방 읍내점,대구 북구 칠곡중앙대로126길 7-13 3층,35.9514042,128.5542682,(지번) 읍내동 430-10
푸르넷공부방 칠곡지점,대구 북구 구암로 139-1 4층,35.9320479,128.5563029,(지번) 동천동 878-3
동림푸르넷공부방,광주 북구 동림용산로 25 2층,35.1877808,126.8670555,(지번) 동림동 1153-4
푸르넷행복공부방,광주 북구 우치로361번길 20-7,35.1977767,126.9020232,(지번) 삼각동 581
푸르넷공부방 학정2호점,대구 북구 학정동로 42-25 2층,35.9477584,128.5680059,(지번) 학정동 973-6
푸르넷공부방,경남 창원시 마산합포구 가포순환로 33,35.174222,128.5646026,(지번) 월영동 738
푸르넷공부방,경남 창원시 성산구 대암로 56,35.2137408,128.7020069,(지번) 남양동 4
푸르넷공부방,울산 남구 대암로 82 205동 105호,35.5294612,129.323884,(지번) 야음동 594-10
금성푸르넷공부방,전북 남원시 광한북로 114,35.4122216,127.3824975,(지번) 동충동 224-4
풍암푸르넷공부방,광주 서구 풍암운리로23번길 6,35.1235193,126.8664637,(지번) 풍암동 989-12
푸르넷공부방 평리초점,대구 서구 국채보상로55길 5-1,35.8720702,128.561609,(지번) 평리동 1072-13
금영푸르넷공부방,경북 경주시 양정로317번길 9 1층,35.8606166,129.2233182,(지번) 용강동 1358
푸르넷공부방 연경점,대구 북구 연경중앙로 18 3층,35.9440627,128.6186158,(지번) 연경동 1022-4
푸르넷수학공부방,대구 서구 달구벌대로371길 37,35.8644796,128.5671233,(지번) 내당동 11-44
푸르넷 신가 공부방,광주 광산구 수등로 287 신가부영아파트 105동 1층 106호,35.1867224,126.8395577,(지번) 신창동 1108-1
푸르넷공부방 읍내점,대구 북구 칠곡중앙대로126길 7-13 3층,35.9514042,128.5542682,(지번) 읍내동 430-10
푸르넷공부방 칠곡지점,대구 북구 구암로 139-1 4층,35.9320479,128.5563029,(지번) 동천동 878-3
동림푸르넷공부방,광주 북구 동림용산로 25 2층,35.1877808,126.8670555,(지번) 동림동 1153-4
푸르넷행복공부방,광주 북구 우치로361번길 20-7,35.1977767,126.9020232,(지번) 삼각동 581
푸르넷공부방 학정2호점,대구 북구 학정동로 42-25 2층,35.9477584,128.5680059,(지번) 학정동 973-6
푸르넷공부방,경남 창원시 마산합포구 가포순환로 33,35.174222,128.5646026,(지번) 월영동 738
푸르넷공부방,경남 창원시 성산구 대암로 56,35.2137408,128.7020069,(지번) 남양동 4
푸르넷공부방,울산 남구 대암로 82 205동 105호,35.5294612,129.323884,(지번) 야음동 594-10
금성푸르넷공부방,전북 남원시 광한북로 114,35.4122216,127.3824975,(지번) 동충동 224-4
풍암푸르넷공부방,광주 서구 풍암운리로23번길 6,35.1235193,126.8664637,(지번) 풍암동 989-12
푸르넷공부방 평리초점,대구 서구 국채보상로55길 5-1,35.8720702,128.561609,(지번) 사직동 127-21
푸르넷공부방,부산 연제구 여고로14번길 63,35.1921762,129.0663608,(지번) 거제동 894-17
푸르넷 청파공부방,경북 포항시 북구 용두산길 62,36.0693017,129.3817915,(지번) 두호동 1071
푸르넷공부방,부산 금정구 장전온천천로95번길 19,35.2335605,129.0881484,(지번) 장전동 392-46
푸르넷 함안공부방,경남 함안군 가야읍 해동길 22,35.2763108,128.4036218,(지번) 가야읍 말산리 448
푸르넷 Megans 영어공부방,경북 포항시 북구 학전로 103 105동 903호,36.0619339,129.3749338,(지번) 두호동 919
우현삼도푸르넷공부방,경북 포항시 북구 우창동로 76 101동 509호,36.0580859,129.3670392,(지번) 우현동 산 13-8
푸르넷이미경공부방,경남 진주시 공단로 30 동일스위트아파트 105동 201호,35.173837,128.1029153,(지번) 상평동 1068-1
푸르넷공부방,부산 금정구 서금로30번길 60,35.217258,129.107337,(지번) 서동 141-113
푸르넷공부방,부산 연제구 교대로24번길 50,35.1975095,129.0760461,(지번) 거제동 228-1
푸르넷 공부방,부산 기장군 기장읍 차성서로 52 2층,35.2377679,129.2103996,(지번) 기장읍 대라리 160-1
율산푸르넷공부방,전남 순천시 안산길 22 201호,34.9391493,127.5268407,(지번) 연향동 1613-2
푸르넷공부방,부산 해운대구 선수촌로 122 119동,35.2020456,129.1216143,(지번) 반여동 1638
푸르넷공부방,울산 중구 성안8길 10-14,35.5765739,129.3191703,(지번) 성안동 493-6
푸르넷행복한공부방,경북 경주시 용담로92번길 43-10,35.867867,129.2136789,(지번) 황성동 515-2
푸르넷공부방,전남 해남군 해남읍 중앙1로 76 2층,34.5712592,126.6031581,(지번) 해남읍 해리 594-7
푸르넷 중흥공부방,경남 김해시 진영읍 장등로 55,35.311329,128.7339905,(지번) 진영읍 진영리 1611-3
예인푸르넷공부방,경남 창원시 진해구 덕산로46번길 14-4 1층,35.1450173,128.704555,(지번) 덕산동 1-37
푸르넷공부방,전남 해남군 해남읍 중앙1로 76 2층,34.5712592,126.6031581,(지번) 해남읍 해리 594-7
푸르넷 중흥공부방,경남 김해시 진영읍 장등로 55,35.311329,128.7339905,(지번) 진영읍 진영리 1611-3
푸르넷공부방,전남 해남군 해남읍 중앙1로 76 2층,34.5712592,126.6031581,(지번) 해남읍 해리 594-7
푸르넷 중흥공부방,경남 김해시 진영읍 장등로 55,35.311329,128.7339905,(지번) 진영읍 진영리 1611-3
예인푸르넷공부방,경남 창원시 진해구 덕산로46번길 14-4 1층,35.1450173,128.704555,(지번) 덕산동 1-37
푸르넷공부방 서진주지점,경남 진주시 동진로 96,35.1790184,128.1016186,(지번) 상대동 296-100
푸르넷 남외공부방,울산 중구 남외2길 28 아마빌리스 503호,35.5662346,129.351071,(지번) 남외동 512-12
두산푸르넷공부방,경남 창원시 마산합포구 월영동로 19 204동 103호,35.1787323,128.5641833,(지번) 해운동 50
구영 푸르넷공부방,울산 울주군 범서읍 점촌1길 2-8,35.577207,129.2400189,(지번) 범서읍 구영리 714-3
대운푸르넷공부방,경남 양산시 대운6길 10 202호,35.4086173,129.1726612,(지번) 삼호동 883-2
금성출판사 부산영업국,부산 동래구 석사북로 53,35.2029092,129.0636488,(지번) 온천동 1260-27
푸르넷공부방 경남영업국 동마산지점,경남 창원시 마산회원구 3.15대로 803,35.2322317,128.5364256,(지번) 합성동 129-9
푸르넷공부방 남울산지점,울산 남구 돋질로 68,35.5381149,129.3137549,(지번) 달동 874-9
푸르넷공부방 수학교습소,경남 김해시 덕정로 70 팔판마을부영이그린타운3차아파트 상가 303호,35.1787436,128.7926261,(지번) 관동동 448-1
푸르넷 옥현공부방,울산 남구 옥현로 34,35.5391817,129.260329,(지번) 무거동 488
신천하쌤 푸르넷공부방,울산 북구 호계로 313 성우현대아파트 102동 105호,35.6311174,129.3499921,(지번) 신천동 346-5
금호푸르넷공부방,울산 중구 함월6길 80,35.5759736,129.306997,(지번) 성안동 856-3
푸르넷공부방,전남 해남군 해남읍 중앙1로 76 2층,34.5712592,126.6031581,(지번) 해남읍 해리 594-7
푸르넷 중흥공부방,경남 김해시 진영읍 장등로 55,35.311329,128.7339905,(지번) 진영읍 진영리 1611-3
예인푸르넷공부방,경남 창원시 진해구 덕산로46번길 14-4 1층,35.1450173,128.704555,(지번) 덕산동 1-37
푸르넷공부방 서진주지점,경남 거제시 중곡로 42,34.897156,128.6308776,(지번) 고현동 1039
삼성명가 푸르넷공부방,경남 거제시 거제중앙로3길 15 101동 704호,34.8756727,128.628808,(지번) 상동동 479
푸르넷더원공부방,부산 기장군 정관읍 정관1로 18,35.3387132,129.1639225,(지번) 정관읍 모전리 723
푸르넷 용원문쌤공부방,경남 창원시 진해구 안청북로 15,35.1052202,128.8045562,(지번) 청안동 473
푸르넷공부방,제주특별자치도 제주시 애월읍 하귀로 49,33.4804174,126.4024683,(지번) 애월읍 하귀2리 1876-2
푸르넷한미영어공부방,울산 동구 방어진순환도로 985,35.5288532,129.4311283,(지번) 서부동 257-4
푸르넷공부방,제주특별자치도 서귀포시 솔동산로21번길 15,33.2429363,126.5653835,(지번) 서귀동 729-4
서초푸르넷공부방,전남 해남군 해남읍 중앙1로 174 2층,34.572192,126.5978486,(지번) 해남읍 성내리 37
푸르넷해운대엘지공부방,부산 해운대구 대천로103번길 61 119동,35.180558,129.1735551,(지번) 좌동 1398
푸르넷공부방,제주특별자치도 서귀포시 중앙로 158,33.2586224,126.5601059,(지번) 서홍동 314-1
푸르넷 반여동공부방,부산 해운대구 선수촌로 122 선수촌아파트,35.2020135,129.1218024,(지번) 반여동 1638
에벤에셀 푸르넷공부방,울산 동구 꽃바위5길 9,35.4809634,129.4132467,(지번) 방어동 1000-10
푸르넷 1등 공부방,울산 동구 꽃바위5길 27,35.4818867,129.4137365,(지번) 방어동 992-2
푸르넷일오삼공부방,울산 동구 양지1길 28,35.4963535,129.4207708,(지번) 화정동 854-17
아라푸르넷공부방,제주특별자치도 제주시 아란8길 10 301호,33.4735838,126.544554,(지번) 아라일동 6093-5
월랑푸르넷공부방,제주특별자치도 제주시 월랑북길 30 노형남도하이츠빌라 가동 601호,33.4919007,126.4768678,(지번) 노형동 1036-1
삼양푸르넷공부방,제주특별자치도 제주시 지석12길 9-8 2층,33.5202269,126.5850016,(지번) 삼양이동 2180-23
찐쌤푸르넷공부방,제주특별자치도 제주시 남성로11길 19-1 1층,33.5066932,126.5124749,(지번) 용담일동 261-11
서귀북초 푸르넷 공부방,제주특별자치도 서귀포시 흙담솔로 16 서홍한라빌라 201호,33.2605349,126.5573887,(지번) 서홍동 303-2
푸르넷영어공부방,제주특별자치도 서귀포시 성산읍 고성동서로56번길 10,33.4497156,126.9135755,(지번) 성산읍 고성리 1132-21
푸르넷공부방 동광점,제주특별자치도 제주시 태성로3길 14,33.4996952,126.5463582,(지번) 일도2동 86-1
신제주푸르넷공부방,제주특별자치도 제주시 신대로21길 6 301호,33.4821692,126.4970622,(지번) 연동 410-3
푸르넷 조은스쿨 공부방,제주특별자치도 서귀포시 흙담솔로 17-4,33.2600599,126.5571257,(지번) 서홍동 329-17
푸르넷공부방 제주지점,제주특별자치도 제주시 동광로 85,33.5050443,126.5370818,(지번) 일도이동 361-22
서귀서초푸르넷공부방,제주특별자치도 서귀포시 솜반천로 31,33.2537644,126.5574107,(지번) 서홍동 444-1
푸르넷공부방 한림점,제주특별자치도 제주시 한림읍 한림로6길 23,33.4117848,126.2631355,(지번) 한림읍 한림리 1454-15
한천빌라푸르넷공부방,제주특별자치도 제주시 용남1길 42-24 102호,33.5061981,126.5123871,(지번) 용담일동 262-9
푸르넷위미초공부방,제주특별자치도 서귀포시 남원읍 태위로 68 2층,33.2735993,126.6549003,(지번) 남원읍 위미리 3126-1
푸르넷공부방 서귀포지점,제주특별자치도 서귀포시 일주동로 8544 동인빌딩 6층,33.2551515,126.5755592,(지번) 동홍동 497-2
아라푸르넷공부방,제주특별자치도 제주시 아란8길 10 301호,33.4735838,126.544554,(지번) 아라일동 6093-5
월랑푸르넷공부방,제주특별자치도 제주시 월랑북길 30 노형남도하이츠빌라 가동 601호,33.4919007,126.4768678,(지번) 노형동 1036-1
삼양푸르넷공부방,제주특별자치도 제주시 지석12길 9-8 2층,33.5202269,126.5850016,(지번) 삼양이동 2180-23
찐쌤푸르넷공부방,제주특별자치도 제주시 남성로11길 19-1 1층,33.5066932,126.5124749,(지번) 용담일동 261-11
서귀북초 푸르넷 공부방,제주특별자치도 서귀포시 흙담솔로 16 서홍한라빌라 201호,33.2605349,126.5573887,(지번) 서홍동 303-2
푸르넷영어공부방,제주특별자치도 서귀포시 성산읍 고성동서로56번길 10,33.4497156,126.9135755,(지번) 성산읍 고성리 1132-21
푸르넷공부방 동광점,제주특별자치도 제주시 태성로3길 14,33.4996952,126.5463582,(지번) 일도2동 86-1
신제주푸르넷공부방,제주특별자치도 제주시 신대로21길 6 301호,33.4821692,126.4970622,(지번) 연동 410-3
푸르넷 조은스쿨 공부방,제주특별자치도 서귀포시 흙담솔로 17-4,33.2600599,126.5571257,(지번) 서홍동 329-17
푸르넷공부방 제주지점,제주특별자치도 제주시 동광로 85,33.5050443,126.5370818,(지번) 일도이동 361-22
서귀서초푸르넷공부방,제주특별자치도 서귀포시 솜반천로 31,33.2537644,126.5574107,(지번) 서홍동 444-1
푸르넷공부방 한림점,제주특별자치도 제주시 한림읍 한림로6길 23,33.4117848,126.2631355,(지번) 한림읍 한림리 1454-15
한천빌라푸르넷공부방,제주특별자치도 제주시 용남1길 42-24 102호,33.5061981,126.5123871,(지번) 용담일동 262-9
푸르넷위미초공부방,제주특별자치도 서귀포시 남원읍 태위로 68 2층,33.2735993,126.6549003,(지번) 남원읍 위미리 3126-1
푸르넷공부방 서귀포지점,제주특별자치도 서귀포시 일주동로 8544 동인빌딩 6층,33.2551515,126.5755592,(지번) 동홍동 497-2